Ex_ID,Best_cost,Ave_cost,ave_cpu
Ex 4,370577695.4988521,371907417.9913279,336.81003642082214
