Ex_ID,Best_cost,Ave_cost,ave_cpu
Ex 5,1519148853.1548738,1570106476.0468001,1314.7934841394424
