Ex_ID,Best_cost,Ave_cost,ave_cpu
Ex 6,5810308683.932778,6248539162.665035,3716.6554449319838
