Ex_ID,Best_cost,Ave_cost,ave_cpu,ave_gen
Ex 6,5786596085.162712,7137863237.170342,301.7680187278324,315.7888888888889
