Ex_ID,Best_cost,Ave_cost,ave_cpu
Ex 7,48926181.42193636,48926181.42193637,9.444585609436036
