Ex_ID,Best_cost,Ave_cost,ave_cpu
Ex 8,274565217.3797474,277044905.77351516,16.344245505332946
