Ex_ID,Best_cost,Ave_cost,ave_cpu
Ex 9,697833438.4676117,698262690.59093,5.108975982666015
