Ex_ID,Best_cost,Ave_cost,ave_cpu,ave_FW
Ex 7,48926181,48926181.0,4.954864740371704,4.929692506790161
