Ex_ID,Best_cost,Ave_cost,ave_cpu,ave_FW
Ex 7,48926181.42193636,48926181.42193636,2.7199652194976807,2.709949016571045
