Ex_ID,Best_cost,Ave_cost,ave_cpu,ave_gen
Ex 1,79526121.53651229,79526121.53651229,300.2570645570755,1666.1
