Ex_ID,Best_cost,Ave_cost,ave_cpu,ave_gen
Ex 2,387284795.6514834,387893559.8863594,300.7881457328796,604.9
