Ex_ID,Best_cost,Ave_cost,ave_cpu,ave_gen
Ex 3,1012675761.1913776,1014227447.205897,300.7888585329056,634.7
