Ex_ID,Best_cost,Ave_cost,ave_cpu,ave_gen
Ex 4,370577695.49885195,371795379.72113645,300.38847217559817,1061.3
