Ex_ID,Best_cost,Ave_cost,ave_cpu,ave_gen
Ex 5,1541479240.3784723,1606238325.941358,301.067231965065,436.7
