Ex_ID,Best_cost,Ave_cost,ave_cpu,ave_gen
Ex 6,5790746827.29287,6590711837.775051,301.852418756485,305.0
